id,name,age,gender
1,Augy Moylan,9,Male
2,Whitman Licciardi,30,Male
3,Loydie Grabiec,54,Male
4,Jerrie Fawcitt,98,Male
5,Kirstyn Varnham,29,Female
6,Rriocard Lewcock,85,Male
7,Robby Keslake,64,Male
8,Katrina Card,38,Female
9,Karrah Ickowicz,14,Female
10,Jacinda Poundford,35,Female
11,Latia McCrisken,43,Female
12,Kristien Pagin,62,Female
13,Bridget Imlin,80,Female
14,Nancey Studde,97,Female
15,Selina Sinncock,94,Agender
16,Nita Gane,51,Female
17,Barclay Bartelot,47,Male
18,Billie Duffield,28,Agender
19,Arte Pren,22,Male
20,Neal Gudgion,47,Male
21,Noelle Hengoed,62,Female
22,Marcel Mersey,72,Male
23,Renelle Derisley,31,Female
24,Maynard Faye,11,Male
25,Saba Longfut,6,Female
26,Fielding Cockitt,82,Male
27,Kari Bus,96,Female
28,Raffarty Kondratenko,11,Male
29,Lethia Megahey,34,Female
30,Culley Buggs,8,Male
31,Normand Ruprecht,74,Male
32,Johnna Nockells,66,Female
33,Raynell Prettejohns,70,Female
34,Jasun Van der Veldt,89,Male
35,Peri Morpeth,96,Female
36,Aland Waith,81,Bigender
37,Christopher Cheley,87,Male
38,Julissa Keuneke,57,Female
39,Nike Oake,68,Female
40,Alard Beardshall,24,Male
41,Viviana Rubury,36,Female
42,La verne Thieme,28,Female
43,Jillie Ainscow,86,Female
44,Ulises Skinn,51,Male
45,Marcelline Slimon,100,Bigender
46,Hayden Dobrovolski,40,Male
47,Pavla Romayne,11,Female
48,Suzy Keymar,22,Female
49,Quint Zanicchelli,47,Male
50,Justine Zuppa,13,Female
51,Reeba Feuell,23,Female
52,Kat Acors,44,Female
53,Tabbie Saipy,78,Male
54,Peyter Spofford,88,Male
55,Cherise Haig,23,Female
56,Joceline Rizzolo,61,Female
57,Auria Lutas,95,Female
58,Karlan Amsden,61,Bigender
59,Joellyn Abram,44,Female
60,Raynell Sellack,27,Genderqueer
61,Sergent Rosencwaig,59,Male
62,Wandis Francesc,43,Female
63,Mollee Byllam,94,Female
64,Beret Thaxton,28,Female
65,Harland Penke,70,Male
66,Meg Shury,72,Female
67,Nanni Le Marchand,89,Female
68,Tabatha Westphalen,72,Female
69,Lolly Mountlow,100,Female
70,Cherye Deguara,78,Female
71,Clemente Coult,23,Male
72,Farley Yurkiewicz,62,Male
73,Farica Clunan,31,Female
74,Enid Skryne,65,Female
75,Urban Pinsent,83,Male
76,Smith Minihan,8,Male
77,Donovan Arrighetti,8,Male
78,Nikolia Arnott,65,Female
79,Katina Ughi,20,Female
80,Galina Hriinchenko,74,Female
81,Tildy Cuphus,84,Female
82,Frazier Domel,73,Male
83,Baryram Hammerson,45,Male
84,Lindy Grieg,43,Male
85,Jake Dranfield,44,Male
86,Kirby Denslow,48,Female
87,Cullen Bogace,46,Male
88,Gus Mulford,31,Male
89,Brier FitzGilbert,96,Female
90,Mona McGifford,99,Female
91,Coriss Cree,55,Female
92,Edi Thams,80,Female
93,Cherin Crotty,19,Female
94,Starlene Woodyear,42,Female
95,Clair Aburrow,36,Male
96,Kaela Farmar,29,Genderfluid
97,Ardenia Sheryne,9,Female
98,Danica Faucherand,17,Female
99,Clotilda Cushelly,1,Female
100,Madelon Alston,6,Female
101,Lyndell Pridgeon,90,Female
102,Papageno Devorill,36,Male
103,Ronica Ivimy,71,Female
104,Lazare Janouch,65,Male
105,Lonni McArd,88,Female
106,Myrwyn Stevenson,68,Male
107,Fax MacAulay,3,Male
108,Cecily Linnock,41,Female
109,Jannelle Leadbeater,28,Female
110,Alphard Salterne,29,Male
111,Elsbeth Ewell,27,Female
112,Palm Cranstoun,50,Male
113,Mylo McCay,75,Male
114,Lucine Castilla,34,Female
115,Jeanette Brumpton,39,Female
116,Frank Bodechon,47,Female
117,Nora Ruffy,54,Female
118,Fancy Newstead,48,Female
119,Wallace Thom,90,Male
120,Alyce Vickerstaff,74,Female
121,Chico Ovise,17,Male
122,Reagen Gledhall,31,Male
123,Carr Arondel,35,Male
124,Bealle McIlwrath,15,Male
125,Tamas Kilfedder,69,Male
126,Stan Almon,12,Male
127,Ermin Casarili,19,Male
128,Catrina Quigley,39,Female
129,Lucie Hannond,35,Female
130,Eamon Silcocks,77,Male
131,Arlen Kornousek,77,Female
132,Rab Sadat,56,Male
133,Clarabelle Dudenie,26,Female
134,Caralie Symcock,93,Female
135,Tobin Keel,64,Male
136,Glen Goady,85,Female
137,Levi Hylton,99,Male
138,Wendeline Banisch,51,Female
139,Wyatt Bywater,71,Male
140,Gregorius Chinery,19,Male
141,Gregg Bagot,12,Male
142,Laurence Moody,98,Male
143,Barde Boast,49,Male
144,Reggy Khotler,73,Male
145,Jemmy Morling,2,Genderqueer
146,Mikkel Clingoe,84,Male
147,Murray Mandy,5,Male
148,Tyson Skechley,61,Male
149,Theresa Cawthorn,12,Genderqueer
150,Leodora Chapman,35,Female
151,Barbabra Michele,2,Female
152,Mickie Tripney,30,Male
153,Ariadne Glanister,70,Female
154,Kerby Norrie,30,Male
155,Baudoin Clout,32,Male
156,Edsel Daines,59,Male
157,Curcio Chason,31,Male
158,Noemi Gavrielli,24,Female
159,Reagen Geare,16,Genderfluid
160,Andros Whitefoot,39,Male
161,Donia Seago,73,Female
162,Dwain Craze,89,Male
163,Bessie Iacovone,40,Female
164,Gris Terris,100,Male
165,Mady Laraway,23,Female
166,Lou O'Mohun,46,Male
167,Alwyn Dilon,96,Male
168,Agretha Swancott,16,Female
169,Patrizius Swalwel,55,Male
170,Nickey Siney,53,Male
171,Patsy Lauthian,5,Male
172,Lynnet Fuller,83,Female
173,Elane Mabee,94,Female
174,Daniel Blakey,26,Polygender
175,Kristi Mellings,60,Female
176,Lion Neil,85,Male
177,Winona Pantecost,12,Female
178,Chiquia Halgarth,93,Female
179,Archie Petrovic,36,Male
180,Golda Parry,78,Female
181,Denice Robjant,84,Female
182,Darrelle Lazell,54,Female
183,Hube Waldock,21,Male
184,Valdemar Skinley,86,Male
185,Roarke Colgrave,40,Agender
186,Valaree Gooch,6,Female
187,Joy Woltering,47,Female
188,D'arcy Grishin,89,Male
189,Dud Beadles,19,Male
190,Alvinia Feldberg,27,Female
191,Wain Sansbury,58,Male
192,Wanids Curwood,94,Female
193,Doloritas O'Mahoney,98,Female
194,Dorothee Huncote,8,Female
195,Cate McGirl,36,Female
196,Christal Parades,67,Female
197,Pablo Martensen,13,Male
198,Fergus Tille,73,Male
199,Shawna Moehle,73,Female
200,Trever Blunkett,45,Male
201,Marybeth Brownsea,14,Female
202,Emyle Cretney,43,Female
203,Tammie Whatley,63,Female
204,Germana Bottomley,74,Female
205,Ami Fasham,35,Female
206,Eugenie Swabey,55,Female
207,Nelli Angelo,39,Non-binary
208,Nolan Jeanenet,69,Male
209,Herbie Dowtry,77,Male
210,Court Winton,17,Male
211,Constancia Loft,26,Genderfluid
212,Avrom Bertie,23,Male
213,Virgie Tideswell,31,Male
214,Eal Knowlman,38,Male
215,Lena Ashford,100,Female
216,Tiff Yashanov,65,Female
217,Bjorn Winslett,11,Male
218,Phillip Verner,10,Male
219,Grant Wimlett,100,Male
220,Jourdan Henrys,21,Female
221,Cart Metzig,73,Male
222,Rudd Wederell,74,Male
223,Beverlee O'Lagen,99,Female
224,Lay Goulden,91,Male
225,Arlin Beevor,76,Male
226,Stearn Barltrop,79,Male
227,Cati Alessandretti,5,Female
228,Melonie Cantillon,66,Female
229,Munroe Waugh,40,Genderfluid
230,Augustina Lumber,26,Female
231,Hubey Dampney,77,Male
232,Jarrid Daborn,1,Genderqueer
233,Dav Cullinan,55,Male
234,Sophi Starte,39,Female
235,Glynda Shreenan,100,Female
236,Orrin D'Costa,74,Male
237,Otis Ribeiro,90,Genderfluid
238,Oran Handasyde,33,Male
239,Zechariah Pulver,67,Male
240,Michale Keggin,100,Male
241,Maurits Garnham,2,Male
242,Phillis Gheraldi,70,Female
243,Devonna Medlin,55,Female
244,Genevieve Sandal,64,Female
245,Lane Friatt,55,Male
246,Beauregard Letten,51,Male
247,Alfie Dominicacci,11,Male
248,Edna Keattch,68,Female
249,Van Lindblad,96,Agender
250,Lonnie Wasselin,89,Male
251,Marlon Walework,87,Male
252,Elane Havvock,38,Non-binary
253,Kinna Filimore,90,Female
254,Phillis Triswell,63,Female
255,Alphonso Alesio,47,Male
256,Charlene Dallinder,90,Female
257,Dan Stollberg,11,Male
258,Solomon Stripp,22,Male
259,Heath Clerk,84,Female
260,Sheffy Prantoni,53,Male
261,Ileana Rowes,100,Bigender
262,Debbi McCurry,12,Female
263,Flori Ropcke,8,Female
264,Gleda Fewkes,68,Female
265,Kendre Ridolfi,82,Female
266,Cameron Toye,82,Male
267,Caesar Emms,93,Male
268,Yale Wrates,7,Male
269,Finley Orgee,39,Male
270,Finlay Candey,87,Male
271,Hetty Shortall,3,Bigender
272,Desirae Naerup,26,Female
273,Wye St. Quentin,51,Male
274,Wash Crocken,7,Male
275,Kandy Baskerville,87,Female
276,Rickey Duffyn,5,Male
277,Konstanze Gladhill,51,Female
278,Ty Costock,60,Male
279,Cindelyn Erbain,17,Female
280,Berenice Corington,68,Female
281,Stephana Ordemann,3,Female
282,Lucio Normanvell,6,Male
283,Imogene Coade,72,Female
284,Allis Hewkin,22,Female
285,Mattie Stoddart,25,Male
286,Aeriell Andrzejczak,53,Female
287,Christoph Mattschas,1,Male
288,Brock Jarritt,94,Male
289,Harmon Gooble,29,Male
290,Aharon Perel,81,Male
291,Vincenty Elger,82,Male
292,Townsend Lilburn,20,Male
293,Joye Authers,33,Female
294,Reinhold Demcak,4,Male
295,Nina Lawes,87,Female
296,Lorine Maffiotti,92,Female
297,Zaccaria Barrow,8,Male
298,Rutledge Drabble,11,Male
299,Adria Moresby,30,Female
300,Sanson Bellwood,94,Male
301,Drusilla Burgott,33,Female
302,Kandy Pigdon,57,Female
303,Joanne Steere,23,Female
304,Irma Tows,12,Female
305,Aldis Muirhead,87,Male
306,Agnella Sperling,46,Female
307,Grace Kinig,43,Genderqueer
308,Trenna Litster,32,Female
309,Augustin Marritt,50,Male
310,Laverna Liebermann,49,Female
311,Odie Wardingly,68,Male
312,Myriam Swindin,52,Female
313,Vin Pendlebery,69,Female
314,Vincents Bleakman,3,Male
315,Vittorio Gascoigne,97,Male
316,Kai Pifford,68,Female
317,Tobye Minguet,59,Female
318,Janka Melland,72,Female
319,Yorke Ghiraldi,96,Male
320,Ramon Flatman,63,Male
321,Mason Lavallin,28,Male
322,Sigmund Hazel,31,Male
323,Allina Gebby,21,Female
324,Margalo Ambrosch,42,Female
325,Clyde Siccombe,69,Non-binary
326,Hastings Demangeon,9,Male
327,Becky Hurran,3,Female
328,Hunt Constantine,89,Male
329,Stanwood Muldowney,89,Male
330,Jessalin Partleton,12,Female
331,Korrie Trammel,12,Female
332,Josias Ploughwright,56,Male
333,Hasheem Kleint,41,Bigender
334,Ethelind Tupp,50,Female
335,Krishnah Edwin,78,Male
336,Lesley Mayman,10,Female
337,Ansell Gilhouley,12,Male
338,Ferdinand Penton,26,Male
339,Trixie Lineker,95,Female
340,Ninetta Sambath,40,Female
341,Ennis MacGillacolm,60,Male
342,Gustave Birley,44,Male
343,Mary Golsthorp,32,Female
344,Margo Diter,50,Female
345,Ed Walsom,74,Male
346,Herschel Coplestone,89,Male
347,Rene Cansdell,44,Female
348,Paddy Liveing,90,Male
349,Stirling Jozsa,27,Male
350,Anselm MacAvddy,9,Male
351,Frannie Mucklo,57,Male
352,Lothario Piolli,93,Male
353,Lorenzo Pergens,86,Male
354,Ravi Sollis,34,Male
355,Lenna Leyton,28,Female
356,Kelsey Ingilson,87,Male
357,Egon Goundrill,76,Male
358,Ellswerth Binnes,12,Male
359,Hope Hardey,63,Female
360,Kerry Klimsch,95,Male
361,Claudian Stone,84,Male
362,Nikolia Sagar,5,Female
363,Junie Bennet,78,Female
364,Byron Barrable,38,Male
365,Wilma Bute,55,Female
366,Fernanda Thoms,24,Female
367,Northrup Snoad,34,Male
368,Ramonda McSkin,16,Female
369,Bealle Charrisson,10,Male
370,Giuseppe Verriour,47,Male
371,Geri Kirwan,90,Genderfluid
372,Kathi Grigorushkin,26,Female
373,Stephannie Reven,41,Female
374,Lexie Meers,86,Female
375,Jonas Quelch,47,Male
376,Angel Palmer,51,Male
377,Jock Heffernon,71,Male
378,Joby Bernardelli,91,Female
379,Berti Molfino,77,Male
380,Shurlock Stabbins,2,Genderfluid
381,Jareb Lidyard,66,Male
382,Clemmy Knottley,24,Male
383,Sherwynd Bengough,54,Male
384,Ferne Egglestone,92,Female
385,Melitta Healks,42,Female
386,Brynna Mundy,66,Bigender
387,Godart Scamwell,27,Male
388,Reinald Pughsley,35,Male
389,Zita Fosher,85,Female
390,Patin Scoates,87,Male
391,Annabell Madill,21,Female
392,Aryn Berford,14,Female
393,Carolin Cridlin,26,Female
394,Elianore Ellacott,47,Female
395,Ophelie Bolingbroke,78,Female
396,Eberto Ney,24,Male
397,Giffy Dourin,94,Genderfluid
398,Ephraim Rudham,14,Male
399,Richardo Greatbanks,91,Male
400,Coletta Mish,94,Female
401,Salvatore Waeland,52,Male
402,Early Buer,89,Male
403,Ilaire Muckersie,90,Male
404,Dex Densie,50,Male
405,Hewe Senechault,43,Male
406,Yorgo Bruneton,41,Male
407,Orelee Doghartie,94,Female
408,Carlos Scragg,12,Male
409,Sosanna Fillimore,45,Female
410,Jordain Brockley,88,Female
411,Montgomery Kalinovich,67,Male
412,Glynis Petschelt,46,Female
413,Julio Gage,2,Male
414,Shelley Allsepp,75,Female
415,Rubin Bellelli,65,Male
416,Mathew Bartolacci,81,Male
417,Kiel Norman,2,Male
418,Thalia Loughnan,91,Female
419,Kristina Amis,48,Female
420,Lottie Virr,73,Female
421,Cybill Caldecott,62,Female
422,Lacee Kropp,61,Genderqueer
423,Ambrose Harfleet,56,Male
424,Colette Alder,40,Female
425,Penrod Livesley,46,Male
426,Kendrick Dufaur,23,Male
427,Lydia Borley,75,Female
428,Carroll Basso,73,Male
429,Desmond Scorey,32,Male
430,Walden Barabisch,26,Male
431,Adolphus Chaffer,62,Male
432,Garth Guierre,37,Male
433,Lorrin Cantle,20,Female
434,Brit Haken,24,Male
435,Gabie Blackaby,92,Male
436,Michelle Birrel,100,Female
437,Cynthie Dungate,95,Female
438,Debera Blaza,100,Female
439,Parrnell Belz,13,Male
440,Ailsun Goldup,17,Agender
441,Terence Cullum,39,Non-binary
442,Shane Grainger,38,Genderfluid
443,Tobe Placstone,36,Female
444,Jessalyn Ourtic,27,Non-binary
445,Jerad Halsey,57,Male
446,Boothe Bampford,50,Male
447,Willi Witherup,56,Female
448,Nonie Ousbie,56,Female
449,Juline Dosdale,84,Female
450,Cob Crigin,50,Male
451,Natalie Merveille,26,Female
452,Jehanna Guerri,12,Female
453,Fredric Stewart,81,Genderfluid
454,Ahmad Lyon,75,Male
455,Beale Bebbell,62,Male
456,Gayle Winchurst,11,Female
457,Townie Satterfitt,28,Male
458,Carly Loud,52,Agender
459,Linus Lorenzetto,41,Male
460,Rosie Tuhy,59,Female
461,Ervin Rothermel,65,Male
462,Armin Proven,41,Male
463,Marcella Veighey,16,Female
464,Lilian Skirving,89,Female
465,Damien Wakeley,52,Male
466,Helsa Morgen,15,Genderqueer
467,Gunar Jakobssen,81,Male
468,Em Andrivel,40,Female
469,Johnnie Upshall,62,Male
470,Carena Crigin,87,Female
471,Brock Gostridge,48,Male
472,Robinetta Scibsey,3,Female
473,Catherine Nana,48,Female
474,Pauly Baudino,6,Genderfluid
475,Greer Danilewicz,52,Female
476,Jeremias Mungane,86,Male
477,Calhoun Geroldini,86,Male
478,Mort Nurden,23,Male
479,Dale Grellis,64,Male
480,Fremont Spaldin,29,Male
481,Karl Taffarello,20,Male
482,Cindi Snassell,46,Female
483,Booth Hinkensen,38,Male
484,Aluin Haggerston,92,Male
485,Kristan Moyes,30,Female
486,Barnie Durrett,15,Male
487,Raynard Holtom,23,Male
488,Ronalda Milborn,9,Female
489,Danie Tappor,95,Male
490,Sheree Haspineall,83,Female
491,Aileen Bonifazio,32,Female
492,Dosi Jillins,56,Female
493,Cory Turner,70,Female
494,Ruttger Cleaton,24,Male
495,Wilmette Machel,59,Female
496,Ermanno McElane,17,Male
497,Sibyl Martelet,78,Male
498,Grayce Marling,5,Female
499,Bambie Wrightson,97,Female
500,Peyter Lamdin,22,Male
501,Fiona Parmeter,7,Non-binary
502,Corina Wathen,53,Female
503,Tammie Godier,96,Male
504,Dougy Duligal,68,Male
505,Pen Carle,80,Female
506,Agustin Hudspith,27,Male
507,Ian McTavy,20,Male
508,Aldin Larking,20,Male
509,Sallyann Doche,15,Female
510,Maynord Addess,9,Male
511,Etan Iowarch,62,Male
512,Haywood Korbmaker,72,Male
513,Etienne Howey,25,Male
514,Chic Bick,66,Male
515,Maybelle Casajuana,35,Female
516,Georgeta Charette,18,Female
517,Garrick Worsnap,13,Non-binary
518,Flor Cullip,64,Female
519,Shane Cratchley,73,Male
520,Kimble Rubery,58,Genderfluid
521,Remus Carabine,4,Male
522,Therese Owtram,84,Female
523,Trix Secombe,93,Non-binary
524,Lennie Raith,77,Male
525,Saxon Vallentin,38,Male
526,Morgen MacKessock,55,Male
527,Codi Moran,33,Female
528,Deanne Stathor,7,Female
529,Ada Wherrett,83,Female
530,Deina Sleightholm,79,Female
531,Alair Drennan,46,Male
532,Miran Moreman,25,Female
533,Mikol Primak,49,Male
534,Bard Try,40,Male
535,Forrester Collyear,14,Male
536,Ginnie Rings,23,Female
537,Orren Casa,82,Male
538,Fernandina Bachman,75,Female
539,My Hallin,22,Male
540,Berna Bransom,45,Female
541,Sully Jessep,17,Male
542,Nial Hankey,48,Male
543,Gene Easom,41,Female
544,Ike Brisse,32,Male
545,Morissa Beaman,98,Female
546,Homere Mayman,67,Male
547,Culver Hanley,12,Male
548,Clarence Lindenboim,94,Male
549,Kennan Winwright,4,Bigender
550,Madelene Weatherby,15,Female
551,Melinde Pooly,30,Female
552,Jareb Lissandri,45,Male
553,Tracy Degoy,79,Male
554,Nero Dodworth,75,Male
555,Tim Nyland,59,Female
556,Lorraine MacDowal,75,Female
557,Nye Klouz,65,Male
558,Silva Pooly,25,Female
559,Kaye Mee,73,Female
560,Ivor Zima,10,Male
561,Karney Clarricoates,91,Genderqueer
562,Alyda Iapico,44,Female
563,Camella Antham,6,Female
564,Kaiser Rubanenko,32,Male
565,Darlene Ivanaev,72,Female
566,Duke Seegar,27,Male
567,Elianore Freezer,70,Female
568,Ogden Wichard,57,Male
569,Paloma Geale,49,Female
570,Blane Coakley,44,Male
571,Wernher Onion,69,Male
572,Brittney Whitcher,41,Female
573,Eudora Rait,47,Female
574,Wendall Gile,51,Male
575,Christan Jakubovicz,30,Female
576,Jasmin Dibbs,34,Female
577,Valencia Jarrette,71,Female
578,Hersch Detoc,20,Male
579,Lurleen Okie,80,Female
580,Boycey De Blasi,22,Male
581,Sonja Sollime,45,Female
582,Renaud Lintall,52,Genderfluid
583,Ewell Garrett,92,Male
584,Frasier Dullingham,28,Male
585,Sutherlan Lieb,39,Male
586,Anatollo Kinghorn,3,Male
587,Bobette Eeles,97,Female
588,Katheryn Keal,33,Female
589,Gunther Pearlman,80,Male
590,Thornie McIlwain,70,Male
591,Hobart Sterricks,50,Male
592,Bay Bishell,99,Male
593,Joelynn Kingaby,98,Female
594,Zeb Pedracci,41,Male
595,Virginia Iacovini,29,Female
596,Theobald Di Giacomettino,72,Male
597,Lorette Stoakley,29,Female
598,Hoebart Mulheron,14,Male
599,Ennis Glaisner,8,Male
600,Stanfield Rosengart,50,Genderqueer
601,Ninnetta Bassham,45,Female
602,Freida Polini,95,Female
603,Von Burrow,82,Male
604,Dom Defries,34,Male
605,Reinhold Fullilove,50,Male
606,Valentina Curedell,28,Female
607,Frances Swettenham,71,Female
608,Morena Paddemore,35,Non-binary
609,Elston Zecchetti,84,Male
610,Arnoldo Falkous,99,Male
611,Arlana Pilgram,70,Polygender
612,Jackquelin Bridgen,15,Female
613,Xenos Van Cassel,11,Agender
614,Brandea O'Glessane,67,Female
615,Ida Balcon,11,Female
616,Keelby Chesnay,19,Male
617,Beret De Maria,75,Bigender
618,Tymon Bitterton,31,Male
619,Levin Lehrer,8,Male
620,Simon Van der Beken,95,Polygender
621,Bertrand Gouda,46,Male
622,Harriette Victoria,59,Female
623,Nariko Blackler,11,Female
624,Rosemaria Bohman,3,Non-binary
625,Tybalt Gostling,4,Male
626,Nilson Von Gladbach,45,Male
627,Sari Axston,28,Female
628,Galven Llewellin,65,Male
629,Toinette Stoneham,24,Female
630,Clemmy Symcoxe,39,Male
631,Rodrick Runham,61,Male
632,Nanni Jerosch,25,Female
633,Dynah Letteresse,26,Female
634,Jephthah Nibley,2,Male
635,Bryan Langmuir,95,Male
636,Clare Corcoran,72,Male
637,Berkeley Scardefield,58,Male
638,Kathy Heyns,22,Female
639,Alejoa Shildrick,97,Male
640,Elysia Caris,34,Female
641,Pauline Giamo,60,Female
642,Bruis Sharphurst,50,Male
643,Willa Lashmore,94,Female
644,Tobias Clemmensen,56,Male
645,Abbey Easter,39,Male
646,Farlee Dawes,62,Male
647,Chlo Hurdiss,46,Female
648,Joey Gerrie,21,Male
649,Dante Eberdt,74,Male
650,Derrek Clemmitt,60,Male
651,Dominique Ambage,61,Male
652,Darrick Gudd,52,Male
653,Hilliard Lamperti,42,Genderfluid
654,Yurik Anthoine,85,Male
655,Marylin Rakes,83,Female
656,Griffith Dagger,90,Male
657,Fitzgerald Dun,61,Male
658,Dorian Gringley,58,Female
659,Stewart Gentery,39,Male
660,Kyle Twidell,43,Female
661,Drew Siddele,6,Male
662,Baillie Willars,93,Non-binary
663,Wells Risbridger,3,Male
664,Tisha Dunge,89,Female
665,Sherlock Palfrey,32,Male
666,Annadiane Sarfatti,85,Female
667,Quill Champ,18,Male
668,Euell Sondland,28,Male
669,Carie Dayne,29,Female
670,Estrellita Fisk,88,Female
671,Federico Ironmonger,26,Male
672,Marquita MacAndrew,39,Female
673,Georgetta Hacket,72,Female
674,Vere Dahl,82,Female
675,Leah Hillhouse,41,Female
676,Katerina Lindenbluth,11,Female
677,Hyacinthe Doog,37,Female
678,Denis Mallabar,48,Male
679,Porter Mc Mechan,88,Male
680,Blair Schellig,67,Male
681,Zechariah Donaldson,18,Male
682,Lucio Laye,79,Male
683,Elisabetta Gothrup,41,Female
684,Lodovico Jessopp,100,Male
685,Linnea Beton,13,Genderqueer
686,Phelia Neljes,93,Female
687,Ronalda Wards,79,Female
688,Suzie Linny,77,Female
689,Roselle Maypowder,55,Female
690,Sherwynd Allmond,50,Genderqueer
691,Joceline Romagosa,91,Female
692,Haskell Mantram,51,Male
693,Alicea Tottle,45,Genderqueer
694,Boris Grief,90,Male
695,Ermanno Pedro,67,Male
696,Mohammed Fain,1,Agender
697,Donnell Archdeacon,83,Male
698,Ursola Maylam,1,Non-binary
699,Joe Moffatt,28,Male
700,Dalton Seabridge,18,Genderqueer
701,Erwin Skrines,11,Male
702,Kipp Dwyer,70,Female
703,Wynny Bradden,54,Female
704,Muire Gearty,8,Agender
705,Parnell O'Cassidy,97,Male
706,Dalis McGrey,51,Male
707,Dorise Robinson,74,Female
708,Jameson Kisbee,72,Male
709,Morse Mattosoff,49,Male
710,Oralie Primo,55,Female
711,Saleem Tesoe,40,Male
712,Lela Cotillard,54,Female
713,Maddie Gymblett,77,Male
714,Jo ann Mingardi,45,Female
715,Willie Hegley,11,Male
716,Griff Minocchi,60,Male
717,Rutter Heales,39,Genderqueer
718,Farly Gingedale,23,Male
719,Liana Mager,32,Female
720,Kayley Cristea,34,Female
721,Spence Barrowclough,44,Male
722,Richy Pantling,27,Male
723,Marjie Warre,17,Genderfluid
724,Barrett Cockell,26,Male
725,Doralyn Lascelles,88,Female
726,Evelin Senner,77,Male
727,Goldy Antram,79,Female
728,Candida Toun,22,Female
729,Drusie Tilby,40,Female
730,Bat Berthon,55,Male
731,Roby Cockill,70,Female
732,Melisenda Traylen,14,Female
733,Bryn Rosenshine,91,Female
734,Gardener Filipovic,45,Male
735,Koralle Pattemore,86,Female
736,Judye Penzer,47,Female
737,Kala Paulazzi,70,Female
738,Gerianne Dincke,21,Female
739,Irvine Chataignier,4,Male
740,Emily Franceschino,25,Female
741,Pattin Gomme,20,Male
742,Gwendolen Orfeur,10,Bigender
743,Verene Copcutt,80,Female
744,Vilma Schimon,86,Non-binary
745,Cristin Greenin,82,Female
746,Humfrid Ramsier,50,Male
747,Ianthe Kidney,28,Female
748,Rafi Bussey,61,Male
749,Becky Lammiman,85,Genderfluid
750,Dela Millier,3,Female
751,Kaylee Songhurst,76,Female
752,Myrwyn Oldnall,21,Male
753,Miltie Jiruch,46,Male
754,Scott Aronow,23,Male
755,Axe Ogan,83,Male
756,Agatha Conybear,47,Female
757,Thorn Dillingston,74,Male
758,Carmon McManamen,81,Female
759,Kerri Semark,20,Female
760,Theo Finkle,45,Female
761,Burnard Rickarsey,58,Male
762,Gawen de la Valette Parisot,38,Male
763,Stacie Agglio,22,Female
764,Dina De Gregorio,73,Female
765,Alleyn Moggan,24,Male
766,Munmro Gierke,14,Male
767,Bengt Benck,66,Genderfluid
768,Ysabel Corn,36,Female
769,Warden Duthie,92,Male
770,Allie Exell,95,Male
771,Benita Gude,50,Female
772,Leon Cellone,54,Male
773,Walliw Golding,52,Female
774,Michael Causton,32,Male
775,Maxim Solomonides,62,Male
776,Hilda Jaukovic,50,Bigender
777,Bendicty Hurnell,31,Male
778,Mabelle Wishart,7,Female
779,Clarette Portress,13,Female
780,Hamel Hughlin,23,Male
781,Aymer Chasmar,87,Male
782,Marga Andretti,98,Female
783,Valentine Symers,72,Male
784,Mathilde Pawnsford,18,Female
785,Wynne Garz,92,Female
786,Marcelo Vitet,22,Male
787,Crosby Surby,58,Male
788,Euell O'Heneghan,93,Male
789,Massimo Bartalin,75,Male
790,Moreen Wolpert,39,Female
791,Anselm Joysey,13,Male
792,Chance Marshall,98,Male
793,Jena Plume,1,Female
794,Danette Threadgould,57,Polygender
795,Averill Waberer,17,Male
796,Mariejeanne Nelthropp,34,Female
797,Avery Alleway,40,Male
798,Donetta Bleaden,98,Agender
799,Arnuad Leynagh,32,Male
800,Brewster Elleyne,76,Male
801,Thorsten Eighteen,44,Male
802,Rochella Stonebridge,23,Female
803,Hildagarde Bunstone,27,Female
804,Hy Geffinger,83,Male
805,Ewell Petyanin,53,Male
806,Hirsch Camelli,3,Male
807,Klaus Gopsell,39,Male
808,Artur Hobden,96,Male
809,Irwin Weond,14,Male
810,Ardyce MacCumiskey,16,Female
811,Andria Fancott,33,Genderqueer
812,Chaunce Erswell,83,Male
813,Dorella Ramel,44,Female
814,Hugh Tretwell,26,Male
815,Cinda Gravenor,48,Female
816,Rhodie Moutray Read,89,Female
817,Lynn Vines,94,Male
818,Hale Borges,59,Male
819,Robinia Gantzman,88,Bigender
820,Lianne Wyllis,88,Female
821,Cordy Haster,3,Male
822,Aime Pridding,2,Female
823,Milton Stoves,29,Male
824,Thibaud Christophle,98,Male
825,Beilul Khidr,34,Non-binary
826,Timi Hedaux,50,Female
827,Aurthur D'eathe,42,Male
828,Livvie Kenford,48,Female
829,Urbain Tomei,45,Male
830,Kittie Bimson,74,Female
831,Alix Frawley,49,Male
832,Fanechka Olivo,13,Female
833,Aymer Andreone,91,Male
834,Bern McCartan,65,Male
835,Fran Shillito,65,Polygender
836,Beckie Kemmons,73,Bigender
837,Ximenez Sotheby,43,Male
838,Susette Summerley,86,Female
839,Towney Meriguet,97,Male
840,Karolina Frigot,27,Genderqueer
841,Maxie Mannin,78,Female
842,Shalom Covotti,22,Male
843,Estel Soane,51,Female
844,Reine Watmough,5,Female
845,Chen Fairlie,53,Male
846,Roberta Leicester,84,Female
847,Hymie Flores,80,Agender
848,Michal Ginity,59,Female
849,Meryl Wilcocks,94,Genderfluid
850,Roselin Burlingham,33,Female
851,Cass Ainslie,69,Male
852,Kirbee Lachaize,67,Female
853,Olenka Varfolomeev,4,Female
854,Bartlett Heardman,43,Male
855,Ardelle Grisbrook,62,Female
856,Trstram Spinella,39,Male
857,Deva Piggott,27,Female
858,Zara Paulot,95,Female
859,Zollie Rackstraw,4,Male
860,Yuma Hunday,70,Male
861,Gauthier Kinzel,70,Male
862,Burch Ivanchenkov,76,Male
863,Bryanty Leggott,93,Male
864,Dunn Hambling,37,Agender
865,Reggy Pavlata,51,Male
866,Kennith Rymill,32,Genderqueer
867,Bertine Jayme,36,Female
868,Lynnette Boyton,68,Female
869,Edee Sorrill,90,Female
870,Osbourn Dockree,45,Male
871,Salomi Wareing,40,Female
872,Christina Ciardo,79,Female
873,Tani Charley,68,Female
874,Tadeas Speariett,86,Male
875,Emanuel Kentish,9,Male
876,Shaun Nichol,82,Female
877,Mitzi Skowcraft,2,Genderqueer
878,Helenka Jerke,61,Female
879,Magda Bownass,36,Female
880,Brandy Jurges,62,Genderqueer
881,Terrel Culy,44,Male
882,Isabelle Ksandra,98,Polygender
883,Bard Genge,56,Male
884,Pepe Bilton,36,Male
885,Rivi Stoute,43,Female
886,Guthry Hammond,22,Male
887,Wald Calbaithe,67,Male
888,Deidre Plumley,34,Female
889,Bonita Bilbie,32,Genderfluid
890,Fayth Lechmere,85,Non-binary
891,Sheelah Brandel,68,Female
892,Reider Lias,58,Male
893,Ebony Sworne,100,Female
894,Toby Gibby,20,Male
895,Kellina Marron,74,Female
896,Bevvy Matthisson,78,Female
897,Kalil Duplain,84,Male
898,Barnard Matuskiewicz,79,Male
899,Jesus Kyston,88,Male
900,Leontyne Keattch,67,Female
901,Felicia Cream,85,Female
902,Carine Vodden,87,Female
903,Yoshi Hadgraft,54,Female
904,Madelena Tomsett,12,Female
905,Jacklyn Furby,37,Bigender
906,Sabra Krause,75,Female
907,Reggy Woolford,1,Polygender
908,Con Aldersey,47,Female
909,Sascha Sorsbie,78,Male
910,Melina Coney,8,Polygender
911,Zia Danbrook,79,Bigender
912,Pattin Plaskitt,15,Genderqueer
913,Corty Vogele,8,Male
914,Ralf Streetley,53,Male
915,Raye Aish,50,Bigender
916,Sidoney Skacel,47,Female
917,Nina Hollows,16,Female
918,Jyoti Wilkenson,70,Female
919,Ramon Euels,86,Male
920,Ronny Slimm,20,Female
921,Orazio Musso,80,Male
922,Terry Berthe,44,Polygender
923,Grady Skahill,10,Genderqueer
924,Kaylyn Algeo,48,Female
925,Bud Padkin,56,Male
926,Yuma Whiten,48,Male
927,Natka Reeders,58,Female
928,Emilee Asling,70,Female
929,Libbie Heining,90,Female
930,Herb Riha,74,Male
931,Jodi Opfer,68,Male
932,Hillary Doxsey,32,Male
933,Sanderson Jessup,21,Male
934,Karilynn Ritmeier,43,Genderfluid
935,Chane Steggals,34,Male
936,Vida Renwick,28,Female
937,Dall Wickie,31,Male
938,Codi Kemble,22,Female
939,Floris Wharmby,8,Female
940,Buffy Kiln,7,Female
941,Pascal Baldick,79,Male
942,Isabel Salling,4,Female
943,Brant Dundredge,73,Male
944,Olivie Hoys,69,Female
945,Bone Fedorchenko,8,Male
946,Maurise Seide,34,Female
947,Patton Obeney,10,Male
948,Augustina Quinnell,64,Female
949,Ella Donisi,3,Female
950,Ailbert Costin,53,Male
951,Cyrus Gun,61,Male
952,Cinda Vankin,36,Non-binary
953,Jerry Balle,99,Female
954,Emanuele Shurville,45,Male
955,Sancho McNaughton,50,Male
956,Alisha Ruecastle,47,Female
957,Dorris Pickston,3,Female
958,Shaylah Baine,30,Female
959,Shawna Casford,63,Female
960,Josey Betham,52,Female
961,Daryle Tarren,33,Male
962,Romain Grewcock,83,Male
963,Ewan Bebb,43,Male
964,Simonne Merritt,91,Female
965,Nance Grimster,78,Female
966,Vannie Armor,91,Female
967,Urbain Odger,20,Male
968,Feliks Wrought,13,Male
969,Kristy Meiner,94,Polygender
970,Harv Pearle,23,Male
971,Minnaminnie Cowgill,3,Female
972,Shara Messier,10,Female
973,Drusie Bluschke,1,Female
974,Lorant Rigglesford,15,Male
975,Lorenza Brodbin,53,Female
976,Anneliese Jouanny,9,Female
977,Stacee Orvis,6,Male
978,Algernon Quartermaine,35,Male
979,Claybourne Sheehy,9,Bigender
980,Yvette Aust,18,Female
981,Ignazio Cayford,51,Male
982,Norina Robelet,99,Female
983,Ashlin Rosita,96,Male
984,Rufus Gatheridge,18,Male
985,Mimi Keirl,40,Female
986,Gabriell Lindenfeld,24,Female
987,Nat McLarnon,74,Female
988,Saul Stubbeley,21,Male
989,Bessie Belone,82,Agender
990,Cacilie Aberkirdo,73,Female
991,Freda Zukierman,33,Female
992,Lynnelle Illston,56,Bigender
993,Risa Iori,41,Female
994,Beilul Leaver,2,Female
995,Dorene Logue,69,Female
996,Miner Awde,7,Genderqueer
997,Loralie Semeradova,53,Female
998,Kippar Eggleston,90,Male
999,Elbert Gostall,28,Male
1000,Deny Luesley,54,Female
